LOCATION	INDICATOR	SUBJECT	MEASURE	FREQUENCY	TIME	Value	Flag Codes
AUS	LTINT	TOT	PC_PA	A	1970	6.646667	
AUS	LTINT	TOT	PC_PA	A	1971	6.713333	
AUS	LTINT	TOT	PC_PA	A	1972	5.831666	
AUS	LTINT	TOT	PC_PA	A	1973	6.933333	
AUS	LTINT	TOT	PC_PA	A	1974	9.036667	
AUS	LTINT	TOT	PC_PA	A	1975	9.741667	
AUS	LTINT	TOT	PC_PA	A	1976	10.03083	
AUS	LTINT	TOT	PC_PA	A	1977	10.22667	
AUS	LTINT	TOT	PC_PA	A	1978	9.06	
AUS	LTINT	TOT	PC_PA	A	1979	9.749166	
AUS	LTINT	TOT	PC_PA	A	1980	11.6475	
AUS	LTINT	TOT	PC_PA	A	1981	13.95833	
AUS	LTINT	TOT	PC_PA	A	1982	15.375	
AUS	LTINT	TOT	PC_PA	A	1983	13.8875	
AUS	LTINT	TOT	PC_PA	A	1984	13.525	
AUS	LTINT	TOT	PC_PA	A	1985	13.95417	
AUS	LTINT	TOT	PC_PA	A	1986	13.41667	
AUS	LTINT	TOT	PC_PA	A	1987	13.19167	
AUS	LTINT	TOT	PC_PA	A	1988	12.10417	
AUS	LTINT	TOT	PC_PA	A	1989	13.40833	
AUS	LTINT	TOT	PC_PA	A	1990	13.18	
AUS	LTINT	TOT	PC_PA	A	1991	10.69083	
AUS	LTINT	TOT	PC_PA	A	1992	9.22	
AUS	LTINT	TOT	PC_PA	A	1993	7.280833	
AUS	LTINT	TOT	PC_PA	A	1994	9.041667	
AUS	LTINT	TOT	PC_PA	A	1995	9.210896	
AUS	LTINT	TOT	PC_PA	A	1996	8.209207	
AUS	LTINT	TOT	PC_PA	A	1997	6.954918	
AUS	LTINT	TOT	PC_PA	A	1998	5.49297	
AUS	LTINT	TOT	PC_PA	A	1999	6.009312	
AUS	LTINT	TOT	PC_PA	A	2000	6.314569	
AUS	LTINT	TOT	PC_PA	A	2001	5.615264	
AUS	LTINT	TOT	PC_PA	A	2002	5.843958	
AUS	LTINT	TOT	PC_PA	A	2003	5.366776	
AUS	LTINT	TOT	PC_PA	A	2004	5.590775	
AUS	LTINT	TOT	PC_PA	A	2005	5.339973	
AUS	LTINT	TOT	PC_PA	A	2006	5.587872	
AUS	LTINT	TOT	PC_PA	A	2007	5.994521	
AUS	LTINT	TOT	PC_PA	A	2008	5.817944	
AUS	LTINT	TOT	PC_PA	A	2009	5.039512	
AUS	LTINT	TOT	PC_PA	A	2010	5.366042	
AUS	LTINT	TOT	PC_PA	A	2011	4.879583	
AUS	LTINT	TOT	PC_PA	A	2012	3.379167	
AUS	LTINT	TOT	PC_PA	A	2013	3.697292	
AUS	LTINT	TOT	PC_PA	A	2014	3.656667	
AUS	LTINT	TOT	PC_PA	A	2015	2.710833	
AUS	LTINT	TOT	PC_PA	A	2016	2.336667	
AUS	LTINT	TOT	PC_PA	A	2017	2.639167	
AUS	LTINT	TOT	PC_PA	A	2018	2.684167	
AUT	LTINT	TOT	PC_PA	A	1990	8.7275	
AUT	LTINT	TOT	PC_PA	A	1991	8.546667	
AUT	LTINT	TOT	PC_PA	A	1992	8.139167	
AUT	LTINT	TOT	PC_PA	A	1993	6.705	
AUT	LTINT	TOT	PC_PA	A	1994	7.025	
AUT	LTINT	TOT	PC_PA	A	1995	7.134167	
AUT	LTINT	TOT	PC_PA	A	1996	6.3225	
AUT	LTINT	TOT	PC_PA	A	1997	5.6825	
AUT	LTINT	TOT	PC_PA	A	1998	4.713333	
AUT	LTINT	TOT	PC_PA	A	1999	4.679167	
AUT	LTINT	TOT	PC_PA	A	2000	5.556667	
AUT	LTINT	TOT	PC_PA	A	2001	5.079167	
AUT	LTINT	TOT	PC_PA	A	2002	4.964167	
AUT	LTINT	TOT	PC_PA	A	2003	4.140833	
AUT	LTINT	TOT	PC_PA	A	2004	4.130833	
AUT	LTINT	TOT	PC_PA	A	2005	3.394167	
AUT	LTINT	TOT	PC_PA	A	2006	3.8	
AUT	LTINT	TOT	PC_PA	A	2007	4.2975	
AUT	LTINT	TOT	PC_PA	A	2008	4.358333	
AUT	LTINT	TOT	PC_PA	A	2009	3.936667	
AUT	LTINT	TOT	PC_PA	A	2010	3.225833	
AUT	LTINT	TOT	PC_PA	A	2011	3.319167	
AUT	LTINT	TOT	PC_PA	A	2012	2.3725	
AUT	LTINT	TOT	PC_PA	A	2013	2.01	
AUT	LTINT	TOT	PC_PA	A	2014	1.4875	
AUT	LTINT	TOT	PC_PA	A	2015	0.7463517	
AUT	LTINT	TOT	PC_PA	A	2016	0.3753925	
AUT	LTINT	TOT	PC_PA	A	2017	0.583265	
AUT	LTINT	TOT	PC_PA	A	2018	0.6861517	
BEL	LTINT	TOT	PC_PA	A	1970	7.804167	
BEL	LTINT	TOT	PC_PA	A	1971	7.321667	
BEL	LTINT	TOT	PC_PA	A	1972	7.044167	
BEL	LTINT	TOT	PC_PA	A	1973	7.494167	
BEL	LTINT	TOT	PC_PA	A	1974	8.768333	
BEL	LTINT	TOT	PC_PA	A	1975	8.515833	
BEL	LTINT	TOT	PC_PA	A	1976	9.088333	
BEL	LTINT	TOT	PC_PA	A	1977	8.7625	
BEL	LTINT	TOT	PC_PA	A	1978	8.9275	
BEL	LTINT	TOT	PC_PA	A	1979	9.693334	
BEL	LTINT	TOT	PC_PA	A	1980	11.9	
BEL	LTINT	TOT	PC_PA	A	1981	13.43667	
BEL	LTINT	TOT	PC_PA	A	1982	13.42833	
BEL	LTINT	TOT	PC_PA	A	1983	11.94083	
BEL	LTINT	TOT	PC_PA	A	1984	12.2425	
BEL	LTINT	TOT	PC_PA	A	1985	10.96833	
BEL	LTINT	TOT	PC_PA	A	1986	8.625834	
BEL	LTINT	TOT	PC_PA	A	1987	8.184167	
BEL	LTINT	TOT	PC_PA	A	1988	8.0075	
BEL	LTINT	TOT	PC_PA	A	1989	8.539166	
BEL	LTINT	TOT	PC_PA	A	1990	10.00667	
BEL	LTINT	TOT	PC_PA	A	1991	9.285833	
BEL	LTINT	TOT	PC_PA	A	1992	8.653334	
BEL	LTINT	TOT	PC_PA	A	1993	7.228333	
BEL	LTINT	TOT	PC_PA	A	1994	7.750834	
BEL	LTINT	TOT	PC_PA	A	1995	7.480834	
BEL	LTINT	TOT	PC_PA	A	1996	6.4925	
BEL	LTINT	TOT	PC_PA	A	1997	5.753334	
BEL	LTINT	TOT	PC_PA	A	1998	4.751667	
BEL	LTINT	TOT	PC_PA	A	1999	4.749166	
BEL	LTINT	TOT	PC_PA	A	2000	5.5925	
BEL	LTINT	TOT	PC_PA	A	2001	5.130833	
BEL	LTINT	TOT	PC_PA	A	2002	4.986667	
BEL	LTINT	TOT	PC_PA	A	2003	4.180833	
BEL	LTINT	TOT	PC_PA	A	2004	4.1525	
BEL	LTINT	TOT	PC_PA	A	2005	3.428333	
BEL	LTINT	TOT	PC_PA	A	2006	3.815	
BEL	LTINT	TOT	PC_PA	A	2007	4.328333	
BEL	LTINT	TOT	PC_PA	A	2008	4.4175	
BEL	LTINT	TOT	PC_PA	A	2009	3.901667	
BEL	LTINT	TOT	PC_PA	A	2010	3.4625	
BEL	LTINT	TOT	PC_PA	A	2011	4.233333	
BEL	LTINT	TOT	PC_PA	A	2012	3	
BEL	LTINT	TOT	PC_PA	A	2013	2.41	
BEL	LTINT	TOT	PC_PA	A	2014	1.713333	
BEL	LTINT	TOT	PC_PA	A	2015	0.84	
BEL	LTINT	TOT	PC_PA	A	2016	0.4758333	
BEL	LTINT	TOT	PC_PA	A	2017	0.7225	
BEL	LTINT	TOT	PC_PA	A	2018	0.795	
CAN	LTINT	TOT	PC_PA	A	1970	7.965833	
CAN	LTINT	TOT	PC_PA	A	1971	6.945	
CAN	LTINT	TOT	PC_PA	A	1972	7.225	
CAN	LTINT	TOT	PC_PA	A	1973	7.528333	
CAN	LTINT	TOT	PC_PA	A	1974	8.87	
CAN	LTINT	TOT	PC_PA	A	1975	8.993333	
CAN	LTINT	TOT	PC_PA	A	1976	9.229167	
CAN	LTINT	TOT	PC_PA	A	1977	8.693334	
CAN	LTINT	TOT	PC_PA	A	1978	9.235833	
CAN	LTINT	TOT	PC_PA	A	1979	10.17917	
CAN	LTINT	TOT	PC_PA	A	1980	12.33833	
CAN	LTINT	TOT	PC_PA	A	1981	14.98917	
CAN	LTINT	TOT	PC_PA	A	1982	14.43533	B
CAN	LTINT	TOT	PC_PA	A	1983	11.39858	
CAN	LTINT	TOT	PC_PA	A	1984	12.71004	
CAN	LTINT	TOT	PC_PA	A	1985	10.91183	
CAN	LTINT	TOT	PC_PA	A	1986	9.145541	
CAN	LTINT	TOT	PC_PA	A	1987	9.470708	
CAN	LTINT	TOT	PC_PA	A	1988	9.830916	
CAN	LTINT	TOT	PC_PA	A	1989	9.780541	
CAN	LTINT	TOT	PC_PA	A	1990	10.70813	
CAN	LTINT	TOT	PC_PA	A	1991	9.502042	
CAN	LTINT	TOT	PC_PA	A	1992	8.069834	
CAN	LTINT	TOT	PC_PA	A	1993	7.269917	
CAN	LTINT	TOT	PC_PA	A	1994	8.307959	
CAN	LTINT	TOT	PC_PA	A	1995	8.161792	
CAN	LTINT	TOT	PC_PA	A	1996	7.229915	
CAN	LTINT	TOT	PC_PA	A	1997	6.143073	
CAN	LTINT	TOT	PC_PA	A	1998	5.279053	
CAN	LTINT	TOT	PC_PA	A	1999	5.541102	
CAN	LTINT	TOT	PC_PA	A	2000	5.925412	
CAN	LTINT	TOT	PC_PA	A	2001	5.480272	
CAN	LTINT	TOT	PC_PA	A	2002	5.290907	
CAN	LTINT	TOT	PC_PA	A	2003	4.810544	
CAN	LTINT	TOT	PC_PA	A	2004	4.579607	
CAN	LTINT	TOT	PC_PA	A	2005	4.066929	
CAN	LTINT	TOT	PC_PA	A	2006	4.208753	
CAN	LTINT	TOT	PC_PA	A	2007	4.269767	
CAN	LTINT	TOT	PC_PA	A	2008	3.596149	
CAN	LTINT	TOT	PC_PA	A	2009	3.230619	
CAN	LTINT	TOT	PC_PA	A	2010	3.23514	
CAN	LTINT	TOT	PC_PA	A	2011	2.783036	
CAN	LTINT	TOT	PC_PA	A	2012	1.87341	
CAN	LTINT	TOT	PC_PA	A	2013	2.261959	
CAN	LTINT	TOT	PC_PA	A	2014	2.23083	
CAN	LTINT	TOT	PC_PA	A	2015	1.521695	
CAN	LTINT	TOT	PC_PA	A	2016	1.251758	
CAN	LTINT	TOT	PC_PA	A	2017	1.783652	
CAN	LTINT	TOT	PC_PA	A	2018	2.277912	
CHE	LTINT	TOT	PC_PA	A	1970	5.715833	
CHE	LTINT	TOT	PC_PA	A	1971	5.265833	
CHE	LTINT	TOT	PC_PA	A	1972	4.963333	
CHE	LTINT	TOT	PC_PA	A	1973	5.594167	
CHE	LTINT	TOT	PC_PA	A	1974	7.129167	
CHE	LTINT	TOT	PC_PA	A	1975	6.435833	
CHE	LTINT	TOT	PC_PA	A	1976	4.9825	
CHE	LTINT	TOT	PC_PA	A	1977	4.045	
CHE	LTINT	TOT	PC_PA	A	1978	3.326667	
CHE	LTINT	TOT	PC_PA	A	1979	3.4525	
CHE	LTINT	TOT	PC_PA	A	1980	4.7625	
CHE	LTINT	TOT	PC_PA	A	1981	5.57	
CHE	LTINT	TOT	PC_PA	A	1982	4.598333	
CHE	LTINT	TOT	PC_PA	A	1983	4.174167	
CHE	LTINT	TOT	PC_PA	A	1984	4.552917	
CHE	LTINT	TOT	PC_PA	A	1985	4.700083	
CHE	LTINT	TOT	PC_PA	A	1986	4.229917	
CHE	LTINT	TOT	PC_PA	A	1987	4.03275	
CHE	LTINT	TOT	PC_PA	A	1988	4.01975	
CHE	LTINT	TOT	PC_PA	A	1989	5.197333	
CHE	LTINT	TOT	PC_PA	A	1990	6.449417	
CHE	LTINT	TOT	PC_PA	A	1991	6.239657	
CHE	LTINT	TOT	PC_PA	A	1992	6.398413	
CHE	LTINT	TOT	PC_PA	A	1993	4.552369	
CHE	LTINT	TOT	PC_PA	A	1994	4.958611	
CHE	LTINT	TOT	PC_PA	A	1995	4.521454	
CHE	LTINT	TOT	PC_PA	A	1996	3.998025	
CHE	LTINT	TOT	PC_PA	A	1997	3.356441	B
CHE	LTINT	TOT	PC_PA	A	1998	3.044583	
CHE	LTINT	TOT	PC_PA	A	1999	3.039333	
CHE	LTINT	TOT	PC_PA	A	2000	3.925083	
CHE	LTINT	TOT	PC_PA	A	2001	3.38175	
CHE	LTINT	TOT	PC_PA	A	2002	3.198917	
CHE	LTINT	TOT	PC_PA	A	2003	2.65875	
CHE	LTINT	TOT	PC_PA	A	2004	2.740167	
CHE	LTINT	TOT	PC_PA	A	2005	2.0955	
CHE	LTINT	TOT	PC_PA	A	2006	2.517083	
CHE	LTINT	TOT	PC_PA	A	2007	2.92675	
CHE	LTINT	TOT	PC_PA	A	2008	2.896833	
CHE	LTINT	TOT	PC_PA	A	2009	2.202667	
CHE	LTINT	TOT	PC_PA	A	2010	1.631667	
CHE	LTINT	TOT	PC_PA	A	2011	1.471667	
CHE	LTINT	TOT	PC_PA	A	2012	0.6466666	
CHE	LTINT	TOT	PC_PA	A	2013	0.9491667	
CHE	LTINT	TOT	PC_PA	A	2014	0.6925	
CHE	LTINT	TOT	PC_PA	A	2015	-0.06916667	
CHE	LTINT	TOT	PC_PA	A	2016	-0.362	
CHE	LTINT	TOT	PC_PA	A	2017	-0.07208333	
CHE	LTINT	TOT	PC_PA	A	2018	0.03316667	
CHL	LTINT	TOT	PC_PA	A	2005	6.049167	
CHL	LTINT	TOT	PC_PA	A	2006	6.16	
CHL	LTINT	TOT	PC_PA	A	2007	6.0875	
CHL	LTINT	TOT	PC_PA	A	2008	7.10119	
CHL	LTINT	TOT	PC_PA	A	2009	5.665295	
CHL	LTINT	TOT	PC_PA	A	2010	6.252874	
CHL	LTINT	TOT	PC_PA	A	2011	5.969645	
CHL	LTINT	TOT	PC_PA	A	2012	5.42557	
CHL	LTINT	TOT	PC_PA	A	2013	5.308737	
CHL	LTINT	TOT	PC_PA	A	2014	4.736615	
CHL	LTINT	TOT	PC_PA	A	2015	4.480221	
CHL	LTINT	TOT	PC_PA	A	2016	4.405277	
CHL	LTINT	TOT	PC_PA	A	2017	4.244958	
CHL	LTINT	TOT	PC_PA	A	2018	4.498027	
DEU	LTINT	TOT	PC_PA	A	1970	8.316667	
DEU	LTINT	TOT	PC_PA	A	1971	7.991667	
DEU	LTINT	TOT	PC_PA	A	1972	7.875	
DEU	LTINT	TOT	PC_PA	A	1973	9.308333	
DEU	LTINT	TOT	PC_PA	A	1974	10.44167	
DEU	LTINT	TOT	PC_PA	A	1975	8.675	
DEU	LTINT	TOT	PC_PA	A	1976	8.033334	
DEU	LTINT	TOT	PC_PA	A	1977	6.533333	
DEU	LTINT	TOT	PC_PA	A	1978	6.133333	
DEU	LTINT	TOT	PC_PA	A	1979	7.566667	
DEU	LTINT	TOT	PC_PA	A	1980	8.425	
DEU	LTINT	TOT	PC_PA	A	1981	10.13333	
DEU	LTINT	TOT	PC_PA	A	1982	8.908334	
DEU	LTINT	TOT	PC_PA	A	1983	8.083333	
DEU	LTINT	TOT	PC_PA	A	1984	7.958333	
DEU	LTINT	TOT	PC_PA	A	1985	7.041667	
DEU	LTINT	TOT	PC_PA	A	1986	6.158333	
DEU	LTINT	TOT	PC_PA	A	1987	6.25	
DEU	LTINT	TOT	PC_PA	A	1988	6.491667	
DEU	LTINT	TOT	PC_PA	A	1989	7.025	
DEU	LTINT	TOT	PC_PA	A	1990	8.704166	
DEU	LTINT	TOT	PC_PA	A	1991	8.458333	
DEU	LTINT	TOT	PC_PA	A	1992	7.8475	
DEU	LTINT	TOT	PC_PA	A	1993	6.510833	
DEU	LTINT	TOT	PC_PA	A	1994	6.866667	
DEU	LTINT	TOT	PC_PA	A	1995	6.85	
DEU	LTINT	TOT	PC_PA	A	1996	6.215833	
DEU	LTINT	TOT	PC_PA	A	1997	5.640833	
DEU	LTINT	TOT	PC_PA	A	1998	4.571667	
DEU	LTINT	TOT	PC_PA	A	1999	4.490833	
DEU	LTINT	TOT	PC_PA	A	2000	5.263333	
DEU	LTINT	TOT	PC_PA	A	2001	4.7975	
DEU	LTINT	TOT	PC_PA	A	2002	4.7825	
DEU	LTINT	TOT	PC_PA	A	2003	4.070833	
DEU	LTINT	TOT	PC_PA	A	2004	4.036667	
DEU	LTINT	TOT	PC_PA	A	2005	3.353333	
DEU	LTINT	TOT	PC_PA	A	2006	3.7625	
DEU	LTINT	TOT	PC_PA	A	2007	4.216667	
DEU	LTINT	TOT	PC_PA	A	2008	3.984167	
DEU	LTINT	TOT	PC_PA	A	2009	3.2225	
DEU	LTINT	TOT	PC_PA	A	2010	2.743333	
DEU	LTINT	TOT	PC_PA	A	2011	2.608333	
DEU	LTINT	TOT	PC_PA	A	2012	1.495	
DEU	LTINT	TOT	PC_PA	A	2013	1.57	
DEU	LTINT	TOT	PC_PA	A	2014	1.163333	
DEU	LTINT	TOT	PC_PA	A	2015	0.4958333	
DEU	LTINT	TOT	PC_PA	A	2016	0.09	
DEU	LTINT	TOT	PC_PA	A	2017	0.3175	
DEU	LTINT	TOT	PC_PA	A	2018	0.3966667	
DNK	LTINT	TOT	PC_PA	A	1987	11.28435	
DNK	LTINT	TOT	PC_PA	A	1988	9.883703	
DNK	LTINT	TOT	PC_PA	A	1989	9.706354	
DNK	LTINT	TOT	PC_PA	A	1990	10.62874	
DNK	LTINT	TOT	PC_PA	A	1991	9.262481	
DNK	LTINT	TOT	PC_PA	A	1992	8.987465	
DNK	LTINT	TOT	PC_PA	A	1993	7.302794	
DNK	LTINT	TOT	PC_PA	A	1994	7.825434	
DNK	LTINT	TOT	PC_PA	A	1995	8.270138	
DNK	LTINT	TOT	PC_PA	A	1996	7.19293	
DNK	LTINT	TOT	PC_PA	A	1997	6.261175	
DNK	LTINT	TOT	PC_PA	A	1998	5.039933	
DNK	LTINT	TOT	PC_PA	A	1999	4.9172	
DNK	LTINT	TOT	PC_PA	A	2000	5.660133	
DNK	LTINT	TOT	PC_PA	A	2001	5.09365	
DNK	LTINT	TOT	PC_PA	A	2002	5.055967	
DNK	LTINT	TOT	PC_PA	A	2003	4.307742	
DNK	LTINT	TOT	PC_PA	A	2004	4.304708	
DNK	LTINT	TOT	PC_PA	A	2005	3.403625	
DNK	LTINT	TOT	PC_PA	A	2006	3.812175	
DNK	LTINT	TOT	PC_PA	A	2007	4.286608	
DNK	LTINT	TOT	PC_PA	A	2008	4.281425	
DNK	LTINT	TOT	PC_PA	A	2009	3.586242	
DNK	LTINT	TOT	PC_PA	A	2010	2.926058	
DNK	LTINT	TOT	PC_PA	A	2011	2.72935	
DNK	LTINT	TOT	PC_PA	A	2012	1.403058	
DNK	LTINT	TOT	PC_PA	A	2013	1.745833	
DNK	LTINT	TOT	PC_PA	A	2014	1.326667	
DNK	LTINT	TOT	PC_PA	A	2015	0.6908333	
DNK	LTINT	TOT	PC_PA	A	2016	0.3208333	
DNK	LTINT	TOT	PC_PA	A	2017	0.4766667	
DNK	LTINT	TOT	PC_PA	A	2018	0.4558333	
ESP	LTINT	TOT	PC_PA	A	1980	15.96083	
ESP	LTINT	TOT	PC_PA	A	1981	15.81167	
ESP	LTINT	TOT	PC_PA	A	1982	15.9875	
ESP	LTINT	TOT	PC_PA	A	1983	16.90917	
ESP	LTINT	TOT	PC_PA	A	1984	16.5225	
ESP	LTINT	TOT	PC_PA	A	1985	13.3675	
ESP	LTINT	TOT	PC_PA	A	1986	11.35417	
ESP	LTINT	TOT	PC_PA	A	1987	12.81333	
ESP	LTINT	TOT	PC_PA	A	1988	11.74417	
ESP	LTINT	TOT	PC_PA	A	1989	13.60058	
ESP	LTINT	TOT	PC_PA	A	1990	14.6775	
ESP	LTINT	TOT	PC_PA	A	1991	12.36055	
ESP	LTINT	TOT	PC_PA	A	1992	11.69519	
ESP	LTINT	TOT	PC_PA	A	1993	10.21079	
ESP	LTINT	TOT	PC_PA	A	1994	9.997791	
ESP	LTINT	TOT	PC_PA	A	1995	11.27094	
ESP	LTINT	TOT	PC_PA	A	1996	8.736462	
ESP	LTINT	TOT	PC_PA	A	1997	6.401535	
ESP	LTINT	TOT	PC_PA	A	1998	4.832926	
ESP	LTINT	TOT	PC_PA	A	1999	4.727312	
ESP	LTINT	TOT	PC_PA	A	2000	5.525866	
ESP	LTINT	TOT	PC_PA	A	2001	5.115284	
ESP	LTINT	TOT	PC_PA	A	2002	4.957641	
ESP	LTINT	TOT	PC_PA	A	2003	4.123044	
ESP	LTINT	TOT	PC_PA	A	2004	4.104143	
ESP	LTINT	TOT	PC_PA	A	2005	3.386349	
ESP	LTINT	TOT	PC_PA	A	2006	3.78431	
ESP	LTINT	TOT	PC_PA	A	2007	4.306627	
ESP	LTINT	TOT	PC_PA	A	2008	4.363732	
ESP	LTINT	TOT	PC_PA	A	2009	3.974298	
ESP	LTINT	TOT	PC_PA	A	2010	4.250001	
ESP	LTINT	TOT	PC_PA	A	2011	5.436894	
ESP	LTINT	TOT	PC_PA	A	2012	5.846537	
ESP	LTINT	TOT	PC_PA	A	2013	4.561962	
ESP	LTINT	TOT	PC_PA	A	2014	2.721831	
ESP	LTINT	TOT	PC_PA	A	2015	1.735087	
ESP	LTINT	TOT	PC_PA	A	2016	1.393302	
ESP	LTINT	TOT	PC_PA	A	2017	1.557866	
ESP	LTINT	TOT	PC_PA	A	2018	1.419352	
FIN	LTINT	TOT	PC_PA	A	1988	10.5575	
FIN	LTINT	TOT	PC_PA	A	1989	12.08583	
FIN	LTINT	TOT	PC_PA	A	1990	13.21	
FIN	LTINT	TOT	PC_PA	A	1991	11.71167	
FIN	LTINT	TOT	PC_PA	A	1992	11.9725	
FIN	LTINT	TOT	PC_PA	A	1993	8.825	
FIN	LTINT	TOT	PC_PA	A	1994	9.036667	
FIN	LTINT	TOT	PC_PA	A	1995	8.791667	
FIN	LTINT	TOT	PC_PA	A	1996	7.076667	
FIN	LTINT	TOT	PC_PA	A	1997	5.9575	
FIN	LTINT	TOT	PC_PA	A	1998	4.7875	
FIN	LTINT	TOT	PC_PA	A	1999	4.7225	
FIN	LTINT	TOT	PC_PA	A	2000	5.4825	
FIN	LTINT	TOT	PC_PA	A	2001	5.043334	
FIN	LTINT	TOT	PC_PA	A	2002	4.980834	
FIN	LTINT	TOT	PC_PA	A	2003	4.135	
FIN	LTINT	TOT	PC_PA	A	2004	4.109167	
FIN	LTINT	TOT	PC_PA	A	2005	3.350833	
FIN	LTINT	TOT	PC_PA	A	2006	3.7825	
FIN	LTINT	TOT	PC_PA	A	2007	4.293334	
FIN	LTINT	TOT	PC_PA	A	2008	4.29	
FIN	LTINT	TOT	PC_PA	A	2009	3.738333	
FIN	LTINT	TOT	PC_PA	A	2010	3.010833	
FIN	LTINT	TOT	PC_PA	A	2011	3.005833	
FIN	LTINT	TOT	PC_PA	A	2012	1.883333	
FIN	LTINT	TOT	PC_PA	A	2013	1.860833	
FIN	LTINT	TOT	PC_PA	A	2014	1.448333	
FIN	LTINT	TOT	PC_PA	A	2015	0.7233334	
FIN	LTINT	TOT	PC_PA	A	2016	0.365	
FIN	LTINT	TOT	PC_PA	A	2017	0.5466667	
FIN	LTINT	TOT	PC_PA	A	2018	0.6616667	
FRA	LTINT	TOT	PC_PA	A	1970	8.550834	
FRA	LTINT	TOT	PC_PA	A	1971	8.421667	
FRA	LTINT	TOT	PC_PA	A	1972	8.013333	
FRA	LTINT	TOT	PC_PA	A	1973	8.998333	
FRA	LTINT	TOT	PC_PA	A	1974	11.0025	
FRA	LTINT	TOT	PC_PA	A	1975	10.31167	
FRA	LTINT	TOT	PC_PA	A	1976	10.51	
FRA	LTINT	TOT	PC_PA	A	1977	10.99167	
FRA	LTINT	TOT	PC_PA	A	1978	10.61167	
FRA	LTINT	TOT	PC_PA	A	1979	10.8475	
FRA	LTINT	TOT	PC_PA	A	1980	13.78417	
FRA	LTINT	TOT	PC_PA	A	1981	16.29167	
FRA	LTINT	TOT	PC_PA	A	1982	15.9975	
FRA	LTINT	TOT	PC_PA	A	1983	14.36833	
FRA	LTINT	TOT	PC_PA	A	1984	13.40417	
FRA	LTINT	TOT	PC_PA	A	1985	11.86667	
FRA	LTINT	TOT	PC_PA	A	1986	9.119166	B
FRA	LTINT	TOT	PC_PA	A	1987	9.478625	
FRA	LTINT	TOT	PC_PA	A	1988	9.084046	
FRA	LTINT	TOT	PC_PA	A	1989	8.796062	
FRA	LTINT	TOT	PC_PA	A	1990	9.932111	
FRA	LTINT	TOT	PC_PA	A	1991	9.038341	
FRA	LTINT	TOT	PC_PA	A	1992	8.587873	
FRA	LTINT	TOT	PC_PA	A	1993	6.774994	
FRA	LTINT	TOT	PC_PA	A	1994	7.213776	
FRA	LTINT	TOT	PC_PA	A	1995	7.534972	
FRA	LTINT	TOT	PC_PA	A	1996	6.312129	
FRA	LTINT	TOT	PC_PA	A	1997	5.58251	
FRA	LTINT	TOT	PC_PA	A	1998	4.640211	
FRA	LTINT	TOT	PC_PA	A	1999	4.608787	
FRA	LTINT	TOT	PC_PA	A	2000	5.39447	
FRA	LTINT	TOT	PC_PA	A	2001	4.93946	
FRA	LTINT	TOT	PC_PA	A	2002	4.861222	
FRA	LTINT	TOT	PC_PA	A	2003	4.130888	
FRA	LTINT	TOT	PC_PA	A	2004	4.099166	
FRA	LTINT	TOT	PC_PA	A	2005	3.409432	
FRA	LTINT	TOT	PC_PA	A	2006	3.795732	
FRA	LTINT	TOT	PC_PA	A	2007	4.3032	
FRA	LTINT	TOT	PC_PA	A	2008	4.234313	
FRA	LTINT	TOT	PC_PA	A	2009	3.648808	
FRA	LTINT	TOT	PC_PA	A	2010	3.117007	
FRA	LTINT	TOT	PC_PA	A	2011	3.321058	
FRA	LTINT	TOT	PC_PA	A	2012	2.535994	
FRA	LTINT	TOT	PC_PA	A	2013	2.20434	
FRA	LTINT	TOT	PC_PA	A	2014	1.666439	
FRA	LTINT	TOT	PC_PA	A	2015	0.8418727	
FRA	LTINT	TOT	PC_PA	A	2016	0.4678807	
FRA	LTINT	TOT	PC_PA	A	2017	0.8105078	
FRA	LTINT	TOT	PC_PA	A	2018	0.7841667	
GBR	LTINT	TOT	PC_PA	A	1970	8.634167	
GBR	LTINT	TOT	PC_PA	A	1971	7.868333	
GBR	LTINT	TOT	PC_PA	A	1972	8.375	
GBR	LTINT	TOT	PC_PA	A	1973	10.55833	
GBR	LTINT	TOT	PC_PA	A	1974	14.20667	
GBR	LTINT	TOT	PC_PA	A	1975	13.18167	
GBR	LTINT	TOT	PC_PA	A	1976	13.61	
GBR	LTINT	TOT	PC_PA	A	1977	12.0275	
GBR	LTINT	TOT	PC_PA	A	1978	12.065	
GBR	LTINT	TOT	PC_PA	A	1979	12.94583	
GBR	LTINT	TOT	PC_PA	A	1980	13.91333	
GBR	LTINT	TOT	PC_PA	A	1981	14.88333	
GBR	LTINT	TOT	PC_PA	A	1982	13.085	
GBR	LTINT	TOT	PC_PA	A	1983	11.26833	
GBR	LTINT	TOT	PC_PA	A	1984	11.1275	
GBR	LTINT	TOT	PC_PA	A	1985	10.97	
GBR	LTINT	TOT	PC_PA	A	1986	10.135	
GBR	LTINT	TOT	PC_PA	A	1987	9.570833	
GBR	LTINT	TOT	PC_PA	A	1988	9.675834	
GBR	LTINT	TOT	PC_PA	A	1989	10.19083	
GBR	LTINT	TOT	PC_PA	A	1990	11.8025	
GBR	LTINT	TOT	PC_PA	A	1991	10.105	
GBR	LTINT	TOT	PC_PA	A	1992	9.063334	
GBR	LTINT	TOT	PC_PA	A	1993	7.479609	
GBR	LTINT	TOT	PC_PA	A	1994	8.1221	
GBR	LTINT	TOT	PC_PA	A	1995	8.200283	
GBR	LTINT	TOT	PC_PA	A	1996	7.810184	
GBR	LTINT	TOT	PC_PA	A	1997	7.052592	
GBR	LTINT	TOT	PC_PA	A	1998	5.550958	
GBR	LTINT	TOT	PC_PA	A	1999	5.093525	
GBR	LTINT	TOT	PC_PA	A	2000	5.328975	
GBR	LTINT	TOT	PC_PA	A	2001	4.9295	
GBR	LTINT	TOT	PC_PA	A	2002	4.894242	
GBR	LTINT	TOT	PC_PA	A	2003	4.526592	
GBR	LTINT	TOT	PC_PA	A	2004	4.882267	
GBR	LTINT	TOT	PC_PA	A	2005	4.413892	
GBR	LTINT	TOT	PC_PA	A	2006	4.501675	
GBR	LTINT	TOT	PC_PA	A	2007	5.011275	
GBR	LTINT	TOT	PC_PA	A	2008	4.590725	
GBR	LTINT	TOT	PC_PA	A	2009	3.647517	
GBR	LTINT	TOT	PC_PA	A	2010	3.624425	
GBR	LTINT	TOT	PC_PA	A	2011	3.135992	
GBR	LTINT	TOT	PC_PA	A	2012	1.918042	
GBR	LTINT	TOT	PC_PA	A	2013	2.389783	
GBR	LTINT	TOT	PC_PA	A	2014	2.569083	
GBR	LTINT	TOT	PC_PA	A	2015	1.901033	
GBR	LTINT	TOT	PC_PA	A	2016	1.305208	
GBR	LTINT	TOT	PC_PA	A	2017	1.235808	
GBR	LTINT	TOT	PC_PA	A	2018	1.460658	
GRC	LTINT	TOT	PC_PA	A	1998	8.481667	
GRC	LTINT	TOT	PC_PA	A	1999	6.308333	
GRC	LTINT	TOT	PC_PA	A	2000	6.108333	
GRC	LTINT	TOT	PC_PA	A	2001	5.304167	
GRC	LTINT	TOT	PC_PA	A	2002	5.1225	
GRC	LTINT	TOT	PC_PA	A	2003	4.2675	
GRC	LTINT	TOT	PC_PA	A	2004	4.255833	
GRC	LTINT	TOT	PC_PA	A	2005	3.585	
GRC	LTINT	TOT	PC_PA	A	2006	4.07	
GRC	LTINT	TOT	PC_PA	A	2007	4.5	
GRC	LTINT	TOT	PC_PA	A	2008	4.8025	
GRC	LTINT	TOT	PC_PA	A	2009	5.174167	
GRC	LTINT	TOT	PC_PA	A	2010	9.091666	
GRC	LTINT	TOT	PC_PA	A	2011	15.74917	
GRC	LTINT	TOT	PC_PA	A	2012	22.4975	
GRC	LTINT	TOT	PC_PA	A	2013	10.05417	
GRC	LTINT	TOT	PC_PA	A	2014	6.929167	
GRC	LTINT	TOT	PC_PA	A	2015	9.666364	
GRC	LTINT	TOT	PC_PA	A	2016	8.36	
GRC	LTINT	TOT	PC_PA	A	2017	5.978333	
GRC	LTINT	TOT	PC_PA	A	2018	4.185	
IRL	LTINT	TOT	PC_PA	A	1971	9.238334	
IRL	LTINT	TOT	PC_PA	A	1972	9.071667	
IRL	LTINT	TOT	PC_PA	A	1973	10.7175	
IRL	LTINT	TOT	PC_PA	A	1974	14.62	
IRL	LTINT	TOT	PC_PA	A	1975	13.9675	
IRL	LTINT	TOT	PC_PA	A	1976	14.61333	
IRL	LTINT	TOT	PC_PA	A	1977	12.88667	
IRL	LTINT	TOT	PC_PA	A	1978	12.83417	
IRL	LTINT	TOT	PC_PA	A	1979	15.065	
IRL	LTINT	TOT	PC_PA	A	1980	15.3525	
IRL	LTINT	TOT	PC_PA	A	1981	17.2675	
IRL	LTINT	TOT	PC_PA	A	1982	17.0575	
IRL	LTINT	TOT	PC_PA	A	1983	13.90417	
IRL	LTINT	TOT	PC_PA	A	1984	14.6125	
IRL	LTINT	TOT	PC_PA	A	1985	12.78	
IRL	LTINT	TOT	PC_PA	A	1986	11.2225	
IRL	LTINT	TOT	PC_PA	A	1987	11.25917	
IRL	LTINT	TOT	PC_PA	A	1988	9.360833	
IRL	LTINT	TOT	PC_PA	A	1989	9.17	
IRL	LTINT	TOT	PC_PA	A	1990	10.27417	
IRL	LTINT	TOT	PC_PA	A	1991	9.374166	
IRL	LTINT	TOT	PC_PA	A	1992	9.316667	
IRL	LTINT	TOT	PC_PA	A	1993	7.579167	
IRL	LTINT	TOT	PC_PA	A	1994	8.043333	
IRL	LTINT	TOT	PC_PA	A	1995	8.225833	
IRL	LTINT	TOT	PC_PA	A	1996	7.249166	
IRL	LTINT	TOT	PC_PA	A	1997	6.255833	
IRL	LTINT	TOT	PC_PA	A	1998	4.746666	
IRL	LTINT	TOT	PC_PA	A	1999	4.769166	
IRL	LTINT	TOT	PC_PA	A	2000	5.478333	
IRL	LTINT	TOT	PC_PA	A	2001	5.019166	
IRL	LTINT	TOT	PC_PA	A	2002	4.9875	
IRL	LTINT	TOT	PC_PA	A	2003	4.125	
IRL	LTINT	TOT	PC_PA	A	2004	4.061666	
IRL	LTINT	TOT	PC_PA	A	2005	3.320833	
IRL	LTINT	TOT	PC_PA	A	2006	3.789167	
IRL	LTINT	TOT	PC_PA	A	2007	4.328333	
IRL	LTINT	TOT	PC_PA	A	2008	4.55	
IRL	LTINT	TOT	PC_PA	A	2009	5.2325	
IRL	LTINT	TOT	PC_PA	A	2010	5.9925	
IRL	LTINT	TOT	PC_PA	A	2011	9.5775	
IRL	LTINT	TOT	PC_PA	A	2012	5.991667	
IRL	LTINT	TOT	PC_PA	A	2013	3.828333	
IRL	LTINT	TOT	PC_PA	A	2014	2.264167	
IRL	LTINT	TOT	PC_PA	A	2015	1.113333	
IRL	LTINT	TOT	PC_PA	A	2016	0.6875	
IRL	LTINT	TOT	PC_PA	A	2017	0.7925	
IRL	LTINT	TOT	PC_PA	A	2018	0.94175	
ISL	LTINT	TOT	PC_PA	A	1994	6.978333	
ISL	LTINT	TOT	PC_PA	A	1995	9.651667	
ISL	LTINT	TOT	PC_PA	A	1996	9.24	
ISL	LTINT	TOT	PC_PA	A	1997	8.705833	
ISL	LTINT	TOT	PC_PA	A	1998	7.664166	
ISL	LTINT	TOT	PC_PA	A	1999	8.47	
ISL	LTINT	TOT	PC_PA	A	2000	11.195	
ISL	LTINT	TOT	PC_PA	A	2001	10.35917	
ISL	LTINT	TOT	PC_PA	A	2002	7.959742	
ISL	LTINT	TOT	PC_PA	A	2003	6.652117	
ISL	LTINT	TOT	PC_PA	A	2004	7.491667	
ISL	LTINT	TOT	PC_PA	A	2005	8.636942	
ISL	LTINT	TOT	PC_PA	A	2006	8.830566	
ISL	LTINT	TOT	PC_PA	A	2007	9.419559	
ISL	LTINT	TOT	PC_PA	A	2008	11.06824	
ISL	LTINT	TOT	PC_PA	A	2009	8.256277	
ISL	LTINT	TOT	PC_PA	A	2010	6.085834	
ISL	LTINT	TOT	PC_PA	A	2011	5.978333	
ISL	LTINT	TOT	PC_PA	A	2012	6.194167	
ISL	LTINT	TOT	PC_PA	A	2013	5.789166	
ISL	LTINT	TOT	PC_PA	A	2014	6.373333	
ISL	LTINT	TOT	PC_PA	A	2015	6.259167	
ISL	LTINT	TOT	PC_PA	A	2016	5.603333	
ISL	LTINT	TOT	PC_PA	A	2017	4.858333	
ISL	LTINT	TOT	PC_PA	A	2018	5.330833	
ISR	LTINT	TOT	PC_PA	A	1997	4.065	
ISR	LTINT	TOT	PC_PA	A	1998	4.925	
ISR	LTINT	TOT	PC_PA	A	1999	5.199167	
ISR	LTINT	TOT	PC_PA	A	2000	5.475833	
ISR	LTINT	TOT	PC_PA	A	2001	6.42648	
ISR	LTINT	TOT	PC_PA	A	2002	9.233088	
ISR	LTINT	TOT	PC_PA	A	2003	8.884284	
ISR	LTINT	TOT	PC_PA	A	2004	7.561666	
ISR	LTINT	TOT	PC_PA	A	2005	6.361667	
ISR	LTINT	TOT	PC_PA	A	2006	6.314167	
ISR	LTINT	TOT	PC_PA	A	2007	5.554167	
ISR	LTINT	TOT	PC_PA	A	2008	5.923333	
ISR	LTINT	TOT	PC_PA	A	2009	5.063334	
ISR	LTINT	TOT	PC_PA	A	2010	4.684166	
ISR	LTINT	TOT	PC_PA	A	2011	4.98	
ISR	LTINT	TOT	PC_PA	A	2012	4.399167	
ISR	LTINT	TOT	PC_PA	A	2013	3.795833	
ISR	LTINT	TOT	PC_PA	A	2014	2.885833	
ISR	LTINT	TOT	PC_PA	A	2015	2.07	
ISR	LTINT	TOT	PC_PA	A	2016	1.879167	
ISR	LTINT	TOT	PC_PA	A	2017	1.909167	
ISR	LTINT	TOT	PC_PA	A	2018	1.994167	
ITA	LTINT	TOT	PC_PA	A	1992	13.26575	
ITA	LTINT	TOT	PC_PA	A	1993	11.18692	
ITA	LTINT	TOT	PC_PA	A	1994	10.51883	
ITA	LTINT	TOT	PC_PA	A	1995	12.20583	
ITA	LTINT	TOT	PC_PA	A	1996	9.400666	
ITA	LTINT	TOT	PC_PA	A	1997	6.86025	
ITA	LTINT	TOT	PC_PA	A	1998	4.8825	
ITA	LTINT	TOT	PC_PA	A	1999	4.7275	
ITA	LTINT	TOT	PC_PA	A	2000	5.576083	
ITA	LTINT	TOT	PC_PA	A	2001	5.187083	
ITA	LTINT	TOT	PC_PA	A	2002	5.034167	
ITA	LTINT	TOT	PC_PA	A	2003	4.295833	
ITA	LTINT	TOT	PC_PA	A	2004	4.258675	
ITA	LTINT	TOT	PC_PA	A	2005	3.555422	
ITA	LTINT	TOT	PC_PA	A	2006	4.046142	
ITA	LTINT	TOT	PC_PA	A	2007	4.487258	
ITA	LTINT	TOT	PC_PA	A	2008	4.681067	
ITA	LTINT	TOT	PC_PA	A	2009	4.311183	
ITA	LTINT	TOT	PC_PA	A	2010	4.035708	
ITA	LTINT	TOT	PC_PA	A	2011	5.422758	
ITA	LTINT	TOT	PC_PA	A	2012	5.492675	
ITA	LTINT	TOT	PC_PA	A	2013	4.316425	
ITA	LTINT	TOT	PC_PA	A	2014	2.8932	
ITA	LTINT	TOT	PC_PA	A	2015	1.71395	
ITA	LTINT	TOT	PC_PA	A	2016	1.486433	
ITA	LTINT	TOT	PC_PA	A	2017	2.112925	
ITA	LTINT	TOT	PC_PA	A	2018	2.6104	
JPN	LTINT	TOT	PC_PA	A	1989	5.12725	
JPN	LTINT	TOT	PC_PA	A	1990	6.959917	
JPN	LTINT	TOT	PC_PA	A	1991	6.336667	
JPN	LTINT	TOT	PC_PA	A	1992	5.326583	
JPN	LTINT	TOT	PC_PA	A	1993	4.320917	
JPN	LTINT	TOT	PC_PA	A	1994	4.363333	
JPN	LTINT	TOT	PC_PA	A	1995	3.4435	
JPN	LTINT	TOT	PC_PA	A	1996	3.1015	
JPN	LTINT	TOT	PC_PA	A	1997	2.373667	
JPN	LTINT	TOT	PC_PA	A	1998	1.541417	
JPN	LTINT	TOT	PC_PA	A	1999	1.749	
JPN	LTINT	TOT	PC_PA	A	2000	1.744417	
JPN	LTINT	TOT	PC_PA	A	2001	1.319	
JPN	LTINT	TOT	PC_PA	A	2002	1.263167	
JPN	LTINT	TOT	PC_PA	A	2003	1.00325	
JPN	LTINT	TOT	PC_PA	A	2004	1.492667	
JPN	LTINT	TOT	PC_PA	A	2005	1.35475	
JPN	LTINT	TOT	PC_PA	A	2006	1.7405	
JPN	LTINT	TOT	PC_PA	A	2007	1.6655	
JPN	LTINT	TOT	PC_PA	A	2008	1.467333	
JPN	LTINT	TOT	PC_PA	A	2009	1.33375	
JPN	LTINT	TOT	PC_PA	A	2010	1.148333	
JPN	LTINT	TOT	PC_PA	A	2011	1.102417	
JPN	LTINT	TOT	PC_PA	A	2012	0.8355833	
JPN	LTINT	TOT	PC_PA	A	2013	0.6896667	
JPN	LTINT	TOT	PC_PA	A	2014	0.5203333	
JPN	LTINT	TOT	PC_PA	A	2015	0.35	
JPN	LTINT	TOT	PC_PA	A	2016	-0.06625	
JPN	LTINT	TOT	PC_PA	A	2017	0.05166667	
JPN	LTINT	TOT	PC_PA	A	2018	0.065	
KOR	LTINT	TOT	PC_PA	A	2001	6.855	
KOR	LTINT	TOT	PC_PA	A	2002	6.586667	
KOR	LTINT	TOT	PC_PA	A	2003	5.048333	
KOR	LTINT	TOT	PC_PA	A	2004	4.728333	
KOR	LTINT	TOT	PC_PA	A	2005	4.95	
KOR	LTINT	TOT	PC_PA	A	2006	5.151667	
KOR	LTINT	TOT	PC_PA	A	2007	5.350833	
KOR	LTINT	TOT	PC_PA	A	2008	5.568333	
KOR	LTINT	TOT	PC_PA	A	2009	5.165833	
KOR	LTINT	TOT	PC_PA	A	2010	4.773334	
KOR	LTINT	TOT	PC_PA	A	2011	4.2025	
KOR	LTINT	TOT	PC_PA	A	2012	3.4475	
KOR	LTINT	TOT	PC_PA	A	2013	3.278083	
KOR	LTINT	TOT	PC_PA	A	2014	3.186333	
KOR	LTINT	TOT	PC_PA	A	2015	2.30575	
KOR	LTINT	TOT	PC_PA	A	2016	1.747417	
KOR	LTINT	TOT	PC_PA	A	2017	2.282583	
KOR	LTINT	TOT	PC_PA	A	2018	2.50275	
LUX	LTINT	TOT	PC_PA	A	1994	7.15	
LUX	LTINT	TOT	PC_PA	A	1995	7.229167	
LUX	LTINT	TOT	PC_PA	A	1996	6.296667	
LUX	LTINT	TOT	PC_PA	A	1997	5.598333	
LUX	LTINT	TOT	PC_PA	A	1998	4.728333	
LUX	LTINT	TOT	PC_PA	A	1999	4.665	
LUX	LTINT	TOT	PC_PA	A	2000	5.518333	
LUX	LTINT	TOT	PC_PA	A	2001	4.860833	
LUX	LTINT	TOT	PC_PA	A	2002	4.683333	
LUX	LTINT	TOT	PC_PA	A	2003	3.315328	
LUX	LTINT	TOT	PC_PA	A	2004	2.841264	
LUX	LTINT	TOT	PC_PA	A	2005	2.413519	
LUX	LTINT	TOT	PC_PA	A	2006	3.303333	
LUX	LTINT	TOT	PC_PA	A	2010	2.950091	
LUX	LTINT	TOT	PC_PA	A	2011	2.921892	
LUX	LTINT	TOT	PC_PA	A	2012	1.834661	
LUX	LTINT	TOT	PC_PA	A	2013	1.849622	
LUX	LTINT	TOT	PC_PA	A	2014	1.336248	
LUX	LTINT	TOT	PC_PA	A	2015	0.36428	
LUX	LTINT	TOT	PC_PA	A	2016	-0.177239	
LUX	LTINT	TOT	PC_PA	A	2017	0.5027078	
LUX	LTINT	TOT	PC_PA	A	2018	0.5640635	
MEX	LTINT	TOT	PC_PA	A	2002	10.125	
MEX	LTINT	TOT	PC_PA	A	2003	8.981667	
MEX	LTINT	TOT	PC_PA	A	2004	9.538333	
MEX	LTINT	TOT	PC_PA	A	2005	9.4175	
MEX	LTINT	TOT	PC_PA	A	2006	8.388333	
MEX	LTINT	TOT	PC_PA	A	2007	7.793334	
MEX	LTINT	TOT	PC_PA	A	2008	8.3125	
MEX	LTINT	TOT	PC_PA	A	2009	7.96375	
MEX	LTINT	TOT	PC_PA	A	2010	6.9	
MEX	LTINT	TOT	PC_PA	A	2011	6.667778	
MEX	LTINT	TOT	PC_PA	A	2012	5.598333	
MEX	LTINT	TOT	PC_PA	A	2013	5.6775	
MEX	LTINT	TOT	PC_PA	A	2014	6.014167	
MEX	LTINT	TOT	PC_PA	A	2015	5.928333	
MEX	LTINT	TOT	PC_PA	A	2016	6.19375	
MEX	LTINT	TOT	PC_PA	A	2017	7.248333	
MEX	LTINT	TOT	PC_PA	A	2018	7.93	
NLD	LTINT	TOT	PC_PA	A	1970	8.010834	
NLD	LTINT	TOT	PC_PA	A	1971	7.625834	
NLD	LTINT	TOT	PC_PA	A	1972	7.354167	
NLD	LTINT	TOT	PC_PA	A	1973	7.916667	
NLD	LTINT	TOT	PC_PA	A	1974	9.824166	
NLD	LTINT	TOT	PC_PA	A	1975	8.786667	
NLD	LTINT	TOT	PC_PA	A	1976	8.9525	
NLD	LTINT	TOT	PC_PA	A	1977	8.100833	
NLD	LTINT	TOT	PC_PA	A	1978	7.735833	
NLD	LTINT	TOT	PC_PA	A	1979	8.775	
NLD	LTINT	TOT	PC_PA	A	1980	10.20833	
NLD	LTINT	TOT	PC_PA	A	1981	11.5525	
NLD	LTINT	TOT	PC_PA	A	1982	10.0975	
NLD	LTINT	TOT	PC_PA	A	1983	8.610833	
NLD	LTINT	TOT	PC_PA	A	1984	8.328333	
NLD	LTINT	TOT	PC_PA	A	1985	7.3275	
NLD	LTINT	TOT	PC_PA	A	1986	6.3175	
NLD	LTINT	TOT	PC_PA	A	1987	6.4025	
NLD	LTINT	TOT	PC_PA	A	1988	6.415833	
NLD	LTINT	TOT	PC_PA	A	1989	7.218333	
NLD	LTINT	TOT	PC_PA	A	1990	8.920834	
NLD	LTINT	TOT	PC_PA	A	1991	8.739166	
NLD	LTINT	TOT	PC_PA	A	1992	8.1025	
NLD	LTINT	TOT	PC_PA	A	1993	6.360833	
NLD	LTINT	TOT	PC_PA	A	1994	6.865	
NLD	LTINT	TOT	PC_PA	A	1995	6.899167	
NLD	LTINT	TOT	PC_PA	A	1996	6.150833	
NLD	LTINT	TOT	PC_PA	A	1997	5.576667	
NLD	LTINT	TOT	PC_PA	A	1998	4.631667	
NLD	LTINT	TOT	PC_PA	A	1999	4.62925	
NLD	LTINT	TOT	PC_PA	A	2000	5.403833	
NLD	LTINT	TOT	PC_PA	A	2001	4.9575	
NLD	LTINT	TOT	PC_PA	A	2002	4.89025	
NLD	LTINT	TOT	PC_PA	A	2003	4.123167	
NLD	LTINT	TOT	PC_PA	A	2004	4.095	
NLD	LTINT	TOT	PC_PA	A	2005	3.374	
NLD	LTINT	TOT	PC_PA	A	2006	3.78075	
NLD	LTINT	TOT	PC_PA	A	2007	4.288167	
NLD	LTINT	TOT	PC_PA	A	2008	4.22675	
NLD	LTINT	TOT	PC_PA	A	2009	3.686833	
NLD	LTINT	TOT	PC_PA	A	2010	2.990083	
NLD	LTINT	TOT	PC_PA	A	2011	2.98875	
NLD	LTINT	TOT	PC_PA	A	2012	1.9335	
NLD	LTINT	TOT	PC_PA	A	2013	1.958917	
NLD	LTINT	TOT	PC_PA	A	2014	1.454667	
NLD	LTINT	TOT	PC_PA	A	2015	0.6903333	
NLD	LTINT	TOT	PC_PA	A	2016	0.2910833	
NLD	LTINT	TOT	PC_PA	A	2017	0.5220833	
NLD	LTINT	TOT	PC_PA	A	2018	0.5766667	
NOR	LTINT	TOT	PC_PA	A	1985	12.91167	
NOR	LTINT	TOT	PC_PA	A	1986	13.29917	
NOR	LTINT	TOT	PC_PA	A	1987	13.305	
NOR	LTINT	TOT	PC_PA	A	1988	12.89583	
NOR	LTINT	TOT	PC_PA	A	1989	10.82583	
NOR	LTINT	TOT	PC_PA	A	1990	10.68	
NOR	LTINT	TOT	PC_PA	A	1991	9.996667	
NOR	LTINT	TOT	PC_PA	A	1992	9.606667	
NOR	LTINT	TOT	PC_PA	A	1993	6.880833	
NOR	LTINT	TOT	PC_PA	A	1994	7.435833	
NOR	LTINT	TOT	PC_PA	A	1995	7.424167	
NOR	LTINT	TOT	PC_PA	A	1996	6.773334	
NOR	LTINT	TOT	PC_PA	A	1997	5.888333	
NOR	LTINT	TOT	PC_PA	A	1998	5.4	
NOR	LTINT	TOT	PC_PA	A	1999	5.4975	
NOR	LTINT	TOT	PC_PA	A	2000	6.218333	
NOR	LTINT	TOT	PC_PA	A	2001	6.236667	
NOR	LTINT	TOT	PC_PA	A	2002	6.384167	
NOR	LTINT	TOT	PC_PA	A	2003	5.045	
NOR	LTINT	TOT	PC_PA	A	2004	4.368333	
NOR	LTINT	TOT	PC_PA	A	2005	3.745833	
NOR	LTINT	TOT	PC_PA	A	2006	4.076667	
NOR	LTINT	TOT	PC_PA	A	2007	4.774167	
NOR	LTINT	TOT	PC_PA	A	2008	4.458333	
NOR	LTINT	TOT	PC_PA	A	2009	3.998333	
NOR	LTINT	TOT	PC_PA	A	2010	3.528333	
NOR	LTINT	TOT	PC_PA	A	2011	3.135	
NOR	LTINT	TOT	PC_PA	A	2012	2.101667	
NOR	LTINT	TOT	PC_PA	A	2013	2.5775	
NOR	LTINT	TOT	PC_PA	A	2014	2.515	
NOR	LTINT	TOT	PC_PA	A	2015	1.565	
NOR	LTINT	TOT	PC_PA	A	2016	1.331667	
NOR	LTINT	TOT	PC_PA	A	2017	1.6375	
NOR	LTINT	TOT	PC_PA	A	2018	1.879167	
NZL	LTINT	TOT	PC_PA	A	1970	5.5075	
NZL	LTINT	TOT	PC_PA	A	1971	5.516667	
NZL	LTINT	TOT	PC_PA	A	1972	5.523334	
NZL	LTINT	TOT	PC_PA	A	1973	5.796667	
NZL	LTINT	TOT	PC_PA	A	1974	6.0825	
NZL	LTINT	TOT	PC_PA	A	1975	6.326667	
NZL	LTINT	TOT	PC_PA	A	1976	8.341666	
NZL	LTINT	TOT	PC_PA	A	1977	9.239166	
NZL	LTINT	TOT	PC_PA	A	1978	9.979167	
NZL	LTINT	TOT	PC_PA	A	1979	11.97909	
NZL	LTINT	TOT	PC_PA	A	1980	13.28333	
NZL	LTINT	TOT	PC_PA	A	1981	12.8325	
NZL	LTINT	TOT	PC_PA	A	1982	12.89333	
NZL	LTINT	TOT	PC_PA	A	1983	12.1825	
NZL	LTINT	TOT	PC_PA	A	1984	12.61	
NZL	LTINT	TOT	PC_PA	A	1985	17.6575	
NZL	LTINT	TOT	PC_PA	A	1986	16.4475	
NZL	LTINT	TOT	PC_PA	A	1987	15.71	
NZL	LTINT	TOT	PC_PA	A	1988	13.11583	
NZL	LTINT	TOT	PC_PA	A	1989	12.82917	
NZL	LTINT	TOT	PC_PA	A	1990	12.445	
NZL	LTINT	TOT	PC_PA	A	1991	10.11	
NZL	LTINT	TOT	PC_PA	A	1992	8.401667	
NZL	LTINT	TOT	PC_PA	A	1993	6.934166	
NZL	LTINT	TOT	PC_PA	A	1994	7.630833	
NZL	LTINT	TOT	PC_PA	A	1995	7.779167	
NZL	LTINT	TOT	PC_PA	A	1996	7.894166	
NZL	LTINT	TOT	PC_PA	A	1997	7.191667	
NZL	LTINT	TOT	PC_PA	A	1998	6.2875	
NZL	LTINT	TOT	PC_PA	A	1999	6.4125	
NZL	LTINT	TOT	PC_PA	A	2000	6.8525	
NZL	LTINT	TOT	PC_PA	A	2001	6.393333	
NZL	LTINT	TOT	PC_PA	A	2002	6.5275	
NZL	LTINT	TOT	PC_PA	A	2003	5.866667	
NZL	LTINT	TOT	PC_PA	A	2004	6.065834	
NZL	LTINT	TOT	PC_PA	A	2005	5.875	
NZL	LTINT	TOT	PC_PA	A	2006	5.780833	
NZL	LTINT	TOT	PC_PA	A	2007	6.265	
NZL	LTINT	TOT	PC_PA	A	2008	6.080833	
NZL	LTINT	TOT	PC_PA	A	2009	5.456666	
NZL	LTINT	TOT	PC_PA	A	2010	5.603333	
NZL	LTINT	TOT	PC_PA	A	2011	4.945	
NZL	LTINT	TOT	PC_PA	A	2012	3.685	
NZL	LTINT	TOT	PC_PA	A	2013	4.093333	
NZL	LTINT	TOT	PC_PA	A	2014	4.304167	
NZL	LTINT	TOT	PC_PA	A	2015	3.423333	
NZL	LTINT	TOT	PC_PA	A	2016	2.761667	
NZL	LTINT	TOT	PC_PA	A	2017	2.990833	
NZL	LTINT	TOT	PC_PA	A	2018	2.754167	
PRT	LTINT	TOT	PC_PA	A	1994	10.47833	
PRT	LTINT	TOT	PC_PA	A	1995	11.465	
PRT	LTINT	TOT	PC_PA	A	1996	8.559167	
PRT	LTINT	TOT	PC_PA	A	1997	6.358333	
PRT	LTINT	TOT	PC_PA	A	1998	4.8775	
PRT	LTINT	TOT	PC_PA	A	1999	4.7775	
PRT	LTINT	TOT	PC_PA	A	2000	5.595	
PRT	LTINT	TOT	PC_PA	A	2001	5.158333	
PRT	LTINT	TOT	PC_PA	A	2002	5.006667	
PRT	LTINT	TOT	PC_PA	A	2003	4.180083	
PRT	LTINT	TOT	PC_PA	A	2004	4.143917	
PRT	LTINT	TOT	PC_PA	A	2005	3.437917	
PRT	LTINT	TOT	PC_PA	A	2006	3.914667	
PRT	LTINT	TOT	PC_PA	A	2007	4.424141	
PRT	LTINT	TOT	PC_PA	A	2008	4.519855	
PRT	LTINT	TOT	PC_PA	A	2009	4.210149	
PRT	LTINT	TOT	PC_PA	A	2010	5.396408	
PRT	LTINT	TOT	PC_PA	A	2011	10.23912	
PRT	LTINT	TOT	PC_PA	A	2012	10.54652	
PRT	LTINT	TOT	PC_PA	A	2013	6.293129	
PRT	LTINT	TOT	PC_PA	A	2014	3.75395	
PRT	LTINT	TOT	PC_PA	A	2015	2.423333	
PRT	LTINT	TOT	PC_PA	A	2016	3.171667	
PRT	LTINT	TOT	PC_PA	A	2017	3.0525	
PRT	LTINT	TOT	PC_PA	A	2018	1.839167	
SWE	LTINT	TOT	PC_PA	A	1987	11.68	
SWE	LTINT	TOT	PC_PA	A	1988	11.35167	
SWE	LTINT	TOT	PC_PA	A	1989	11.18	
SWE	LTINT	TOT	PC_PA	A	1990	13.15917	
SWE	LTINT	TOT	PC_PA	A	1991	10.69083	
SWE	LTINT	TOT	PC_PA	A	1992	10.01667	
SWE	LTINT	TOT	PC_PA	A	1993	8.539166	B
SWE	LTINT	TOT	PC_PA	A	1994	9.495	B
SWE	LTINT	TOT	PC_PA	A	1995	10.24417	
SWE	LTINT	TOT	PC_PA	A	1996	8.026667	
SWE	LTINT	TOT	PC_PA	A	1997	6.614167	
SWE	LTINT	TOT	PC_PA	A	1998	4.989167	
SWE	LTINT	TOT	PC_PA	A	1999	4.98	
SWE	LTINT	TOT	PC_PA	A	2000	5.3675	
SWE	LTINT	TOT	PC_PA	A	2001	5.1075	
SWE	LTINT	TOT	PC_PA	A	2002	5.303333	
SWE	LTINT	TOT	PC_PA	A	2003	4.638333	
SWE	LTINT	TOT	PC_PA	A	2004	4.425	
SWE	LTINT	TOT	PC_PA	A	2005	3.3825	
SWE	LTINT	TOT	PC_PA	A	2006	3.704167	
SWE	LTINT	TOT	PC_PA	A	2007	4.1675	
SWE	LTINT	TOT	PC_PA	A	2008	3.8875	
SWE	LTINT	TOT	PC_PA	A	2009	3.25	
SWE	LTINT	TOT	PC_PA	A	2010	2.893333	
SWE	LTINT	TOT	PC_PA	A	2011	2.605	
SWE	LTINT	TOT	PC_PA	A	2012	1.5925	
SWE	LTINT	TOT	PC_PA	A	2013	2.120833	
SWE	LTINT	TOT	PC_PA	A	2014	1.72	
SWE	LTINT	TOT	PC_PA	A	2015	0.7191667	
SWE	LTINT	TOT	PC_PA	A	2016	0.5191666	
SWE	LTINT	TOT	PC_PA	A	2017	0.655	
SWE	LTINT	TOT	PC_PA	A	2018	0.6516666	
USA	LTINT	TOT	PC_PA	A	1970	7.348333	
USA	LTINT	TOT	PC_PA	A	1971	6.159167	
USA	LTINT	TOT	PC_PA	A	1972	6.21	
USA	LTINT	TOT	PC_PA	A	1973	6.8425	
USA	LTINT	TOT	PC_PA	A	1974	7.5575	
USA	LTINT	TOT	PC_PA	A	1975	7.9875	
USA	LTINT	TOT	PC_PA	A	1976	7.611667	
USA	LTINT	TOT	PC_PA	A	1977	7.419167	
USA	LTINT	TOT	PC_PA	A	1978	8.41	
USA	LTINT	TOT	PC_PA	A	1979	9.4425	
USA	LTINT	TOT	PC_PA	A	1980	11.46	
USA	LTINT	TOT	PC_PA	A	1981	13.91083	
USA	LTINT	TOT	PC_PA	A	1982	13.00167	
USA	LTINT	TOT	PC_PA	A	1983	11.105	
USA	LTINT	TOT	PC_PA	A	1984	12.43833	
USA	LTINT	TOT	PC_PA	A	1985	10.62333	
USA	LTINT	TOT	PC_PA	A	1986	7.6825	
USA	LTINT	TOT	PC_PA	A	1987	8.384167	
USA	LTINT	TOT	PC_PA	A	1988	8.845834	
USA	LTINT	TOT	PC_PA	A	1989	8.498333	
USA	LTINT	TOT	PC_PA	A	1990	8.55	
USA	LTINT	TOT	PC_PA	A	1991	7.858333	
USA	LTINT	TOT	PC_PA	A	1992	7.01	
USA	LTINT	TOT	PC_PA	A	1993	5.873333	
USA	LTINT	TOT	PC_PA	A	1994	7.08	
USA	LTINT	TOT	PC_PA	A	1995	6.58	
USA	LTINT	TOT	PC_PA	A	1996	6.438334	
USA	LTINT	TOT	PC_PA	A	1997	6.3525	
USA	LTINT	TOT	PC_PA	A	1998	5.264167	
USA	LTINT	TOT	PC_PA	A	1999	5.636667	
USA	LTINT	TOT	PC_PA	A	2000	6.029167	
USA	LTINT	TOT	PC_PA	A	2001	5.0175	
USA	LTINT	TOT	PC_PA	A	2002	4.610833	
USA	LTINT	TOT	PC_PA	A	2003	4.015	
USA	LTINT	TOT	PC_PA	A	2004	4.274167	
USA	LTINT	TOT	PC_PA	A	2005	4.29	
USA	LTINT	TOT	PC_PA	A	2006	4.791667	
USA	LTINT	TOT	PC_PA	A	2007	4.629167	
USA	LTINT	TOT	PC_PA	A	2008	3.666667	
USA	LTINT	TOT	PC_PA	A	2009	3.256667	
USA	LTINT	TOT	PC_PA	A	2010	3.214167	
USA	LTINT	TOT	PC_PA	A	2011	2.785833	
USA	LTINT	TOT	PC_PA	A	2012	1.8025	
USA	LTINT	TOT	PC_PA	A	2013	2.350833	
USA	LTINT	TOT	PC_PA	A	2014	2.540833	
USA	LTINT	TOT	PC_PA	A	2015	2.135833	
USA	LTINT	TOT	PC_PA	A	2016	1.841667	
USA	LTINT	TOT	PC_PA	A	2017	2.33	
USA	LTINT	TOT	PC_PA	A	2018	2.91	
